"","STATION_KEY.x","YEAR","VISIT_NO","REACHLEN","XSLOPE","XWIDTH","XBKF_W","LSUB_DMM","LSUBD_SD","PCT_FN","PCT_SA","PCT_SAFN","PCT_SFGF","PCT_BIGR","PCT_BDRK","PCT_HP","PCT_RC","PCT_ORG","PCAN_C","V1W_MSQ","V4W_MSQ","V1TM100","V4TM100","PCT_SIDE","STATION_KEY.1","Eco3.x","LONG.x","LAT.x","ELEV_m.x","Map_Slope.x","Precip_mm.x","Temp_CX10.x","Lithology_Group","Strm_Power.x","STATION_KEY.y","DATE.y","YEAR_EST","LONG.y","LAT.y","AREA_HA","ELEV_m.y","Elev_FT","Eco3.y","Map_Slope.y","M_Slp_sqt","Bsnrgeco","Precip_mm.y","Precip_in","Temp_CX10.y","El_m_sqt","Strm_Power.y","Watershed_HUC","Subwatershed_HUC","Land_Owner","STATION_KEY_num","Area..SQFT.","X.Nat_SNat","X.Ag","X.Urban","X.UrbanAg","X.open_water","X.peren_snowice","X.Water","X.low_int_res","X.hi_int_res","X.com_ind_trans","X.Develop","X.bare_roc_sa_cl","X.quar_strmin_gr","X.transitional","X.Barren","X.decid_forst","X.evrgrn_forst","X.mix_forst","X.Forest","X.Shrubland","X.NonNatWood","X.Grassland","X.past_hay","X.row_crop","X.sm_grain","X.fallow","X.urb_rec_grass","X.Planted","X.wood_wetlnd","X.emerg_hrb_wet","X.Wetland","lowfrag","medfrag","hifrag","X.Road","sample_month","sample_day","SITE_ID","DATE.x","PHAB_COMM","SAMPLED","FIC","RBSIC","Sed_Impair.","SVN","Invert.Count_station.SVN","HabitatSampled","Project.name.x","Field.QA.QC","LabQA.QC","PHABBEST.SVN","DATE.1","Eco4.x","Lithology.x","Lith_ER.x","Site_ID","SITE_NAME.1","Owner","Project.name.y","Eco4.y","Eco4_name","Eco3_name","Eco2","OWEB.Basins","ORPLAN_Region","Lithology.y","Lith_ER.y","Subregion","Basin_name","Subbasin_name","Watershed_name","Subwatershed_name","County","TRS","Coho.MonArea","Coho.Pop","Coho.Pop.Type","W_E","Eco2.GGplot","Season"
"1",23815,2000,1,237.6,0.78,12.62,16.85454546,1.316567133,1.317186315,6.862745098,10.78431373,17.64705882,23.52941177,70.58823529,0.980392157,0.980392157,0,4.901960784,0,0.003432768,0.00218072,7.131734007,3.675505051,4,23815,1,-123.84827,45.89721,51.2064,1,2921,150,7,51.15228891,23815,36704,2000,-123.85,45.9,2617,51.21,190,1,1,1,0,2921,115,150,7.16,51.15,1710020101,1.71e+11,1,23815,281643804.1,1,0,0,0,0,0,0,0,0,0,0,0,0,0,0,0.07,0.84,0.09,1,0,0,0,0,0,0,0,0,0,0,0,0,0.851225881,0,0.148741718,0.087248503,6,27,"ORNC98-1378","27-Jun-00","","YES","G","F","Unstable Fining","00002CSR","00002CSR","R","Oregon Plan","S","S","00002CSR","27-Jun-00","1b","mafic intrusive","R","ORNC98-1378","SF Necanicum River","ODEQ","Oregon Plan","1b","Coastal Uplands","Coast Range","MWCF","North Coast","Coastal Coho","mafic intrusive","R","OREGON/WASHINGTON COASTAL","NORTHERN OREGON COASTAL","NECANICUM","NECANICUM RIVER","MIDDLE NECANICUM RIVER","CLATSOP","5.00N 9.00W19","North Coast","Necanicum River","Independent","w","Marine WCF","Early"
"2",24413,2000,1,624,4.02,15.0095,18.91818182,1.382299371,2.209871647,20.95238095,5.714285714,26.66666667,39.04761905,60.95238095,35.23809524,0,0,0,0,0.000794328,0.000246592,2.946794872,0.46650641,0,24413,1,-123.29797,45.88232,225.552,0.4,1499,148,4,45.64148785,24413,36705,2000,-123.3,45.88,13020,225.55,732,1,0.4,0.63,0,1499,59,148,15.02,45.64,1710020201,1.71e+11,1,24413,1401424359,0.95,0,0.05,0.05,0,0,0,0,0,0,0,0,0,0.05,0.05,0.08,0.75,0.12,0.95,0,0,0,0,0,0,0,0,0,0,0,0,0.886644975,0.00206,0,0.0598,6,28,"WORP99-0505","28-Jun-00","","YES","G","F","Stable OK Fines","00002WSE","00002WSE","R","EMAP Statewide","S","S","00002WSE","28-Jun-00","1f","shale and mudstone","E","WORP99-0505","Rock Creek 1/4 mi U/S from Columbia Mainline bridge (Nehalem)","ODEQ","EMAP Statewide","1f","Willapa Hills","Coast Range","MWCF","North Coast","Coastal Coho","shale and mudstone","E","OREGON/WASHINGTON COASTAL","NORTHERN OREGON COASTAL","NEHALEM","UPPER NEHALEM RIVER","LOWER ROCK CREEK","COLUMBIA","5.00N 5.00W27","North Coast","Nehalem River","Independent","w","Marine WCF","Early"
"3",23865,2000,1,149,2.495,2.075,3.345454546,0.218509898,1.655760934,30.90909091,3.636363636,34.54545455,47.27272727,50.90909091,0,0,0,1.818181818,0,0.045097753,0.017519514,34.0409396,21.04228188,0,23865,1,-123.47026,44.19884,222.1992,2.1,1803,178,4,31.3664443,23865,36703,2000,-123.47,44.2,222,222.2,696,1,2.1,1.45,0,1803,71,178,14.91,31.37,1709000301,1.71e+11,41,23865,24013864.07,1,0,0,0,0,0,0,0,0,0,0,0,0,0,0,0.12,0.8,0.08,1,0,0,0,0,0,0,0,0,0,0,0,0,0,0.216434559,0.785933216,0.0355,6,26,"ORWI00-R003","26-Jun-00","no shade","YES_no shade","F","F","Unstable Fining","00003CSR","00003CSR","R","Oregon Plan","S","S","00003CSR","26-Jun-00","1g","sandstone","E","ORWI00-R003","Trib to Long Tom River near Horton at RM 0.25 (Upper Willamette)","ODEQ","Oregon Plan","1g","Mid-Coastal Sedimentary","Coast Range","MWCF","Willamette","Willamette","sandstone","E","WILLAMETTE","WILLAMETTE","UPPER WILLAMETTE","LONG TOM RIVER","UPPER LONG TOM RIVER","LANE","16.00S 6.00W 7","","","","w","Marine WCF","Early"
"4",23834,2000,1,475.2,0.61,12.295,17.85454546,1.200627148,1.498729345,9.090909091,10.90909091,20,30.90909091,65.45454546,7.272727273,0,0,0,0,0.001091405,0.000686194,7.108375421,5.045454546,0,23834,1,-123.94733,42.78835,683.3616,0.3,3429,162,4,24.0042424,23834,36704,2000,-123.95,42.79,6430,683.36,2205,1,0.3,0.55,0,3429,135,162,26.14,24,1710030501,1.71e+11,11,23834,689133807.3,0.97,0.03,0.03,0.06,0,0,0,0,0,0,0,0,0,0.03,0.03,0.06,0.79,0.1,0.94,0,0,0.03,0,0,0,0,0,0,0,0,0,0.661923833,0.134820477,0.140307357,0.0484,6,27,"ORMS98-4011","27-Jun-00","no shade","YES_no shade","G","G","Stable OK Fines","00012CSR","00012CSR","R","Oregon Plan","S","S","00012CSR","27-Jun-00","1g","sandstone","E","ORMS98-4011","SF Coquille River at RM 55.5","ODEQ","Oregon Plan","1g","Mid-Coastal Sedimentary","Coast Range","MWCF","South Coast","Coastal Coho","sandstone","E","OREGON/WASHINGTON COASTAL","SOUTHERN OREGON COASTAL","COQUILLE","COQUILLE S FK, LWR","HEADWATERS SOUTH FORK COQUILLE RIVER","COOS","32.00S11.00W14","Mid-South Coast","Coquille River","Independent","w","Marine WCF","Early"
"5",23831,2000,1,316.8,1.72,10.34,11.83,1.720079795,1.479842112,1.818181818,18.18181818,20,36.36363636,63.63636364,7.272727273,0,0,0,0,0.009470764,0.006812365,13.42013889,8.97790404,0,23831,1,-124.07942,42.75539,256.9464,2,1956,177,4,125.3382416,23831,36705,2000,-124.08,42.76,3923,256.95,830,1,2,1.41,0,1956,77,177,16.03,125.34,1710030501,1.71e+11,11,23831,422743814.6,0.98,0.02,0.02,0.04,0,0,0,0,0,0,0,0,0,0.02,0.02,0.02,0.79,0.15,0.96,0,0,0.02,0,0,0,0,0,0,0,0,0,0.255894453,0.733895354,0.0104,0.0546,6,28,"ORMS98-0835","28-Jun-00","no shade","YES_no shade","G","G","Stable OK Fines","00013CSR","00013CSR","R","Oregon Plan","S","S","00013CSR","28-Jun-00","1h","siltstone","E","ORMS98-0835","Johnson Creek at RM 0.88 (SF Coquille)","ODEQ","Oregon Plan","1h","Southern Oregon Coastal Mountains","Coast Range","MWCF","South Coast","Coastal Coho","siltstone","E","OREGON/WASHINGTON COASTAL","SOUTHERN OREGON COASTAL","COQUILLE","COQUILLE S FK, LWR","JOHNSON CREEK","COOS","32.00S12.00W26","Mid-South Coast","Coquille River","Independent","w","Marine WCF","Early"
"6",23830,2000,1,225.914871794872,7.9,2.495,4.572727273,1.985801779,1.114247285,0,5.454545455,5.454545455,20,76.36363636,10.90909091,0,0,3.636363636,0,0,0,0,0,0,23830,1,-124.10109,42.833,312.1152,17.4,1854,181,4,141.7521865,23830,36707,2000,-124.1,42.83,66,312.12,1004,1,17.4,4.17,0,1854,73,181,17.67,141.75,1710030501,1.71e+11,11,23830,7143829.72,1,0,0,0,0,0,0,0,0,0,0,0,0,0,0,0,0.93,0.07,1,0,0,0,0,0,0,0,0,0,0,0,0,1,0,0,0.0292,6,30,"ORMS98-0805","30-Jun-00","","YES_no RBS/pool","G","","Not Assessed","00014CSR","00014CSR","R","Oregon Plan","S","S","00014CSR","30-Jun-00","1h","sandstone","E","ORMS98-0805","Pyburn Creek (SF Coquille)","ODEQ","Oregon Plan","1h","Southern Oregon Coastal Mountains","Coast Range","MWCF","South Coast","Coastal Coho","sandstone","E","OREGON/WASHINGTON COASTAL","SOUTHERN OREGON COASTAL","COQUILLE","COQUILLE S FK, LWR","SALMON CREEK","COOS","32.00S12.00W 3","Mid-South Coast","Coquille River","Independent","w","Marine WCF","Early"
"7",23816,2000,1,396,1.54,9.215,14.21818182,1.465986287,1.266445788,2.857142857,11.42857143,14.28571429,33.33333333,64.76190476,5.714285714,0,0,1.904761905,0,0.003601165,0.000517015,6.01489899,1.366666667,0,23816,1,-123.75468,45.54567,78.0288,0.8,2972,155,7,39.87092077,23816,36713,2000,-123.75,45.55,2484,78.03,223,1,0.8,0.89,0,2972,117,155,8.83,39.87,1710020306,1.71e+11,80,23816,267363805.7,1,0,0,0,0,0,0,0,0,0,0,0,0,0,0,0.53,0.31,0.15,1,0,0,0,0,0,0,0,0,0,0,0,0,0.969616731,0.0101,0,0.073776936,7,6,"ORNC98-1807","6-Jul-00","","YES","G","G","Stable OK Fines","00015CSR","00015CSR","R","Oregon Plan","S","S","00015CSR","6-Jul-00","1d","mafic pyroclastic","E","ORNC98-1807","Kilchis R L SF","ODEQ","Oregon Plan","1d","Volcanics","Coast Range","MWCF","North Coast","Coastal Coho","mafic pyroclastic","E","OREGON/WASHINGTON COASTAL","NORTHERN OREGON COASTAL","WILSON/TRASK/NESTUCCA","KILCHIS RIVER","UPPER KILCHIS RIVER","TILLAMOOK","1.00N 9.00W26","North Coast","Tillamook Bay","Independent","w","Marine WCF","Early"
"8",23818,2000,1,316.8,1.135,6.975,9.072727273,0.018259478,2.496647647,53.7037037,0,53.7037037,57.40740741,40.74074074,22.22222222,0,0,0,0.045454546,0.006217992,0.005303315,9.644570707,8.357638889,1,23818,1,-123.19297,45.79846,208.1784,0.7,1499,151,4,33.25979371,23818,36712,2000,-123.19,45.8,2257,208.18,663,1,0.7,0.84,0,1499,59,151,14.43,33.26,1710020201,1.71e+11,1,23818,243003808.6,0.91,0,0.09,0.09,0,0,0,0,0,0,0,0,0,0.09,0.09,0.13,0.49,0.29,0.91,0,0,0,0,0,0,0,0,0,0,0,0,0.67474592,0.079084009,0.082,0.0729,7,5,"ORNC98-2576","5-Jul-00","","YES","F","F","Unstable Fining","00019CSR","00019CSR","R","Oregon Plan","S","S","00019CSR","5-Jul-00","1f","shale and mudstone","E","ORNC98-2576","Pebble Creek at RM 6.4 (Nehalem)","ODEQ","Oregon Plan","1f","Willapa Hills","Coast Range","MWCF","North Coast","Coastal Coho","shale and mudstone","E","OREGON/WASHINGTON COASTAL","NORTHERN OREGON COASTAL","NEHALEM","UPPER NEHALEM RIVER","PEBBLE CREEK","COLUMBIA","4.00N 4.00W28","North Coast","Nehalem River","Independent","w","Marine WCF","Early"
"9",23813,2000,1,316.8,2.66,11.655,14.31,1.397758141,1.260353231,6.153846154,3.076923077,9.230769231,33.84615385,60.76923077,2.307692308,0,0,5.384615385,0.035714286,0.02069988,0.015243499,44.69381313,31.92739899,33.33333333,23813,1,-123.55835,45.30022,345.948,2.3,2565,145,4,96.24025952,23813,36713,2000,-123.56,45.3,1751,345.95,1093,1,2.3,1.52,0,2565,101,145,18.6,96.24,1710020302,1.71e+11,41,23813,188463805.7,0.94,0,0.06,0.06,0,0,0,0,0,0,0,0,0,0.06,0.06,0.14,0.66,0.14,0.94,0,0,0,0,0,0,0,0,0,0,0,0,0.895038966,0,0.104849241,0.124534201,7,6,"ORNC98-0098","6-Jul-00","","YES","G","G","Stable OK Fines","00020CSR","00020CSR","R","Oregon Plan","S","S","00020CSR","6-Jul-00","1d","siltstone","E","ORNC98-0098","Elk Creek at RM 1.7 (Nestucca)","ODEQ","Oregon Plan","1d","Volcanics","Coast Range","MWCF","North Coast","Coastal Coho","siltstone","E","OREGON/WASHINGTON COASTAL","NORTHERN OREGON COASTAL","WILSON/TRASK/NESTUCCA","NESTUCCA RIVER","UPPER NESTUCCA RIVER/ ELK CREEK","TILLAMOOK","3.00S 7.00W21","North Coast","Nestucca River","Independent","w","Marine WCF","Early"
"10",23823,2000,1,237.6,1.695,5.015,9.709090909,1.214059127,1.430743921,3.80952381,18.0952381,21.90476191,53.33333333,46.66666667,11.42857143,0,0,0,0,0.113872416,0.104617926,111.9520202,101.574495,11.57894737,23823,1,-123.985,44.08514,54.864,1.9,2159,164,4,42.73490583,23823,36717,2000,-123.99,44.09,506,54.86,161,1,1.9,1.38,0,2159,85,164,7.41,42.73,1710020607,1.71e+11,1,23823,54453820.89,1,0.01,0,0.01,0,0,0,0,0,0,0,0,0,0,0,0.07,0.71,0.21,0.99,0,0,0.01,0,0,0,0,0,0,0,0,0,0.0527,0.946584344,0,0.0375,7,10,"ORMC98-0748","10-Jul-00","","YES","G","G","Stable OK Fines","00026CSR","00026CSR","R","Oregon Plan","S","S","00026CSR","10-Jul-00","1g","sandstone","E","ORMC98-0748","Condon Cr","ODEQ","Oregon Plan","1g","Mid-Coastal Sedimentary","Coast Range","MWCF","North Coast","Coastal Coho","sandstone","E","OREGON/WASHINGTON COASTAL","NORTHERN OREGON COASTAL","SIUSLAW","NORTH FORK SIUSLAW RIVER","LOWER NORTH FORK SIUSLAW RIVER","LANE","17.00S11.00W14","Mid-Coast","Siuslaw River","Independent","w","Marine WCF","Early"
"11",23838,2000,1,356.4,0.89,9.595,12.7,1.783699275,2.318893066,18.0952381,11.42857143,29.52380952,34.28571429,63.80952381,42.85714286,0,0,1.904761905,0,0.003574679,0.002724533,4.621212121,3.460157127,0,23838,1,-123.82081,43.87563,112.1664,1.4,1803,161,4,68.99335829,23838,36718,2000,-123.82,43.88,2464,112.17,358,1,1.4,1.18,0,1803,71,161,10.59,68.99,1710030307,1.71e+11,11,23838,261413827.9,1,0.01,0,0.02,0,0,0,0,0,0,0,0,0,0,0,0.11,0.7,0.17,0.98,0,0,0.01,0,0,0,0,0,0,0,0,0,0.673981955,0,0.038632494,0.0431,7,11,"ORUM98-1311","11-Jul-00","","YES","F","G","Stable OK Fines","00027CSR","00027CSR","R","Oregon Plan","S","S","00027CSR","11-Jul-00","1g","sandstone","E","ORUM98-1311","MF NF Smith River at RM 0.29 (Smith, Umpqua)","ODEQ","Oregon Plan","1g","Mid-Coastal Sedimentary","Coast Range","MWCF","Umpqua","Coastal Coho","sandstone","E","OREGON/WASHINGTON COASTAL","SOUTHERN OREGON COASTAL","UMPQUA","LOWER SMITH RIVER","UPPER NORTH FORK SMITH RIVER","DOUGLAS","19.00S 9.00W31","Umpqua","Lower Umpqua River","Independent","w","Marine WCF","Early"
"12",23833,2000,1,149,13.9875,2.655,4.081818182,1.386574001,2.163223355,17.14285714,0,17.14285714,24.76190476,43.80952381,8.571428571,3.80952381,0,27.61904762,0.045454546,0.115381534,0.06561591,73.93489933,45.61073826,11.33333333,23833,1,-123.74033,43.09032,808.9392,8.4,2007,162,4,62.36801307,23833,36720,2000,-123.74,43.09,75,808.94,2704,1,8.4,2.9,0,2007,79,162,28.44,62.37,1710030503,1.71e+11,41,23833,5933832.77,0.99,0,0,0,0,0,0,0,0,0,0,0.01,0,0,0,0.01,0.93,0.05,0.99,0,0,0,0,0,0,0,0,0,0,0,0,0,0,0.652405053,0.052,7,13,"ORMS98-3358","13-Jul-00","","YES","G","G","Stable OK Fines","00031CSR","00031CSR","R","Oregon Plan","S","S","00031CSR","13-Jul-00","1g","sandstone","E","ORMS98-3358","Upper Rock Creek at RM 11.5 (Coquille, Middle Fork)","ODEQ","Oregon Plan","1g","Mid-Coastal Sedimentary","Coast Range","MWCF","South Coast","Coastal Coho","sandstone","E","OREGON/WASHINGTON COASTAL","SOUTHERN OREGON COASTAL","COQUILLE","MIDDLE_FORK_COQUILLE","UPPER ROCK CR","COOS","28.00S 9.00W35","Mid-South Coast","Coquille River","Independent","w","Marine WCF","Early"
"13",23854,2000,1,187.48,7.045,3.4,4.72,1.471768332,1.164378317,2.857142857,12.38095238,15.23809524,27.61904762,71.42857143,0,0,0,0.952380952,0,0.070306934,0.006579233,76.90153616,39.83358225,30.90909091,23854,1,-123.55271,45.00054,281.6352,10.3,1854,152,7,144.3591323,23854,36726,2000,-123.55,45,196,281.64,896,1,10.3,3.21,0,1854,73,152,16.78,144.36,1709000801,1.71e+11,1,23854,21143853.18,1,0,0,0,0,0,0,0,0,0,0,0,0,0,0,0.09,0.8,0.11,1,0,0,0,0,0,0,0,0,0,0,0,0,0.532399248,0,0.467980833,0.0991,7,19,"ODQW99-0039","19-Jul-00","","YES","G","G","Stable Fining","00034CSR","00034CSR","R","Oregon Plan","S","S","00034CSR","19-Jul-00","1d","mafic volcanic flow","R","ODQW99-0039","Gold Creek","ODEQ","Oregon Plan","1d","Volcanics","Coast Range","MWCF","Willamette","Willamette","mafic volcanic flow","R","WILLAMETTE","WILLAMETTE","YAMHILL","UPPER SOUTH YAMHILL RIVER","GOLD CREEK","POLK","6.00S 7.00W33","","","","w","Marine WCF","Early"
"14",23826,2000,1,514.8,0.64,17.83,22.53636364,0.508040357,2.131022018,34.28571429,0.952380952,35.23809524,58.0952381,41.90476191,13.33333333,0,0,0,0,0.016198288,0.013741497,38.32536908,31.53379953,0,23826,1,-123.7577,44.12679,93.8784,0.4,1905,173,4,47.96485005,23826,36727,2000,-123.76,44.13,14380,93.88,295,1,0.4,0.63,0,1905,75,173,9.69,47.96,1710020605,1.71e+11,11,23826,1547733766,1,0.01,0,0.01,0,0,0,0,0,0,0,0,0,0,0,0.12,0.7,0.17,0.99,0,0,0.01,0,0,0,0,0,0,0,0,0,0.0299,0.794681667,0.175562744,0.0476,7,17,"ORMC98-1670","17-Jul-00","","YES","F","F","Stable Fining","00035CSR","00035CSR","R","Oregon Plan","S","S","00035CSR","17-Jul-00","1g","sandstone","E","ORMC98-1670","Deadwood Creek at RM 5.2 (Lake, Siuslaw)","ODEQ","Oregon Plan","1g","Mid-Coastal Sedimentary","Coast Range","MWCF","North Coast","Coastal Coho","sandstone","E","OREGON/WASHINGTON COASTAL","NORTHERN OREGON COASTAL","SIUSLAW","DEADWOOD CREEK","LOWER DEADWOOD CREEK","LANE","17.00S 9.00W 3","Mid-Coast","Siuslaw River","Independent","w","Marine WCF","Early"
"15",23821,2000,1,148.5,2.04,3.095,4.272727273,1.435164769,1.468459454,10.47619048,0,10.47619048,28.57142857,63.80952381,0.952380952,4.761904762,0,2.857142857,0,0.028655634,0.023377463,15.0949495,11.94882155,0,23821,1,-123.68697,44.19705,195.6816,3.3,2159,169,4,51.47878999,23821,36725,2000,-123.69,44.2,243,195.68,630,1,3.3,1.82,0,2159,85,169,13.99,51.48,1710020605,1.71e+11,11,23821,26193819.99,1,0,0,0,0,0,0,0,0,0,0,0,0,0,0,0.05,0.84,0.11,1,0,0,0,0,0,0,0,0,0,0,0,0,0,1,0,0.0542,7,18,"ORMC98-0295","18-Jul-00","","YES","G","G","Stable OK Fines","00036CSR","00036CSR","R","Oregon Plan","S","S","00036CSR","18-Jul-00","1g","sandstone","E","ORMC98-0295","Buck Creek (Deadwood)","ODEQ","Oregon Plan","1g","Mid-Coastal Sedimentary","Coast Range","MWCF","North Coast","Coastal Coho","sandstone","E","OREGON/WASHINGTON COASTAL","NORTHERN OREGON COASTAL","SIUSLAW","DEADWOOD CREEK","UPPER DEADWOOD CREEK","LANE","16.00S 8.00W 8","Mid-Coast","Siuslaw River","Independent","w","Marine WCF","Early"
"16",23827,2000,1,792,0.29,17.97,19.17272727,1.24628043,2.25177028,24.76190476,5.714285714,30.47619048,34.28571429,60.95238095,21.90476191,3.80952381,0,0.952380952,0,0.000845912,0,1.621843434,0,0,23827,1,-123.6073,43.93039,113.0808,0.1,1346,176,4,20.26091102,23827,36727,2000,-123.61,43.93,41051,113.08,374,1,0.1,0.32,0,1346,53,176,10.63,20.26,1710020601,1.71e+11,1,23827,4418633656,0.95,0.07,0.02,0.09,0,0,0,0,0,0,0,0,0,0.02,0.02,0.05,0.74,0.11,0.9,0.01,0,0.03,0.03,0,0,0,0,0.04,0,0,0,0.244130457,0.459966824,0.23089335,0.0727,7,19,"ORMC98-1813","19-Jul-00","","YES","F","G","Stable Fining","00037CSR","00037CSR","R","Oregon Plan","S","S","00037CSR","19-Jul-00","1g","sandstone","E","ORMC98-1813","Siuslaw River at RM 60.1","ODEQ","Oregon Plan","1g","Mid-Coastal Sedimentary","Coast Range","MWCF","North Coast","Coastal Coho","sandstone","E","OREGON/WASHINGTON COASTAL","NORTHERN OREGON COASTAL","SIUSLAW","UPPER SIUSLAW RIVER","UPPER SIUSLAW RIVER/WHITAKER CREEK","LANE","19.00S 8.00W11","Mid-Coast","Siuslaw River","Independent","w","Marine WCF","Early"
"17",23817,2000,1,149,15.4,1.715,3.527272727,2.275511341,1.127868657,0,5.714285714,5.714285714,8.571428571,88.57142857,23.80952381,0,0,1.904761905,0,0.011227946,0,10.87315436,6.322818792,0.666666667,23817,1,-123.81714,45.62795,78.9432,17,2972,153,7,111.5406891,23817,36724,2000,-123.82,45.63,43,78.94,236,1,17,4.12,0,2972,117,153,8.88,111.54,1710020307,1.71e+11,80,23817,4633816.82,1.01,0,0,0,0,0,0,0,0,0,0,0,0,0,0,0.81,0.08,0.12,1.01,0,0,0,0,0,0,0,0,0,0,0,0,0.59335691,0.412295794,0,0.122150967,7,17,"ORNC98-1878","17-Jul-00","","YES","G","G","Stable OK Fines","00041CSR","00041CSR","R","Oregon Plan","S","S","00041CSR","17-Jul-00","1d","mafic volcanic flow","R","ORNC98-1878","Trib to Miami River (8.0) at RM 0.04","ODEQ","Oregon Plan","1d","Volcanics","Coast Range","MWCF","North Coast","Coastal Coho","mafic volcanic flow","R","OREGON/WASHINGTON COASTAL","NORTHERN OREGON COASTAL","WILSON/TRASK/NESTUCCA","MIAMI RIVER","UPPER MIAMI RIVER","TILLAMOOK","2.00N 9.00W29","North Coast","Tillamook Bay","Independent","w","Marine WCF","Early"
"18",23819,2000,1,234.6,1.31,6.21,10.23636364,1.923396569,1.262500536,0,13.33333333,13.33333333,20,79.04761905,13.33333333,0,0,0.952380952,0,0.000643778,0,0.814151748,0,0,23819,1,-123.48771,45.47423,268.8336,2.2,2515,132,7,89.64808378,23819,36726,2000,-123.49,45.47,1660,268.83,850,1,2.2,1.48,0,2515,99,132,16.4,89.65,1710020304,1.71e+11,80,23819,178733812.1,0.98,0,0.02,0.02,0,0,0,0,0,0,0,0,0,0.02,0.02,0.25,0.48,0.25,0.98,0,0,0,0,0,0,0,0,0,0,0,0,1,0,0,0.0474,7,19,"ORNC98-3064","19-Jul-00","","YES","G","G","Stable OK Fines","00042CSR","00042CSR","R","Oregon Plan","S","S","00042CSR","19-Jul-00","1d","mafic volcanic flow","R","ORNC98-3064","Clear Cr tributary","ODEQ","Oregon Plan","1d","Volcanics","Coast Range","MWCF","North Coast","Coastal Coho","mafic volcanic flow","R","OREGON/WASHINGTON COASTAL","NORTHERN OREGON COASTAL","WILSON/TRASK/NESTUCCA","TRASK RIVER","NORTH FORK OF TRASK RIVER","TILLAMOOK","1.00S 7.00W24","North Coast","Tillamook Bay","Independent","w","Marine WCF","Early"
"19",23828,2000,1,158.4,0.9,5.52,5.763636364,0.262657299,1.31129761,19.04761905,12.38095238,31.42857143,69.52380952,28.57142857,0,0,0,1.904761905,0,0.052248729,0.036581011,31.39709596,21.08396465,17,23828,1,-123.81366,44.89135,253.5936,1.1,3429,149,7,26.95906151,23828,36719,2000,-123.81,44.89,600,253.59,820,1,1.1,1.05,0,3429,135,149,15.92,26.96,1710020408,1.71e+11,1,23828,64653825.5,1,0,0,0,0,0,0,0,0,0,0,0,0,0,0,0.21,0.66,0.12,1,0,0,0,0,0,0,0,0,0,0,0,0,1,0,0,0.0725,7,12,"ORMC98-2686","12-Jul-00","","YES","F","F","Unstable Fining","00045CSR","00045CSR","R","Oregon Plan","S","S","00045CSR","12-Jul-00","1d","mafic volcanic flow","R","ORMC98-2686","SF Sampson Creek at RM 2.6 (Sampson, Drift, Siletz)","ODEQ","Oregon Plan","1d","Volcanics","Coast Range","MWCF","North Coast","Coastal Coho","mafic volcanic flow","R","OREGON/WASHINGTON COASTAL","NORTHERN OREGON COASTAL","SILETZ/YAQUINA","LOWER SILETZ RIVER/DRIFT CREEK","UPPER DRIFT CREEK","LINCOLN","8.00S 9.00W 8","Mid-Coast","Siletz River","Independent","w","Marine WCF","Early"
"20",23927,2000,1,148.5,0.94,4.22,5.627272727,-0.46801007,1.797696823,47.61904762,9.523809524,57.14285714,77.14285714,20.95238095,4.761904762,0,0,0.952380952,0,0.012835517,0,8.458585859,0,0,23927,1,-123.77965,44.75645,78.3336,0.7,2311,157,4,18.52597975,23927,36720,2000,-123.78,44.76,700,78.33,230,1,0.7,0.84,0,2311,91,157,8.85,18.53,1710020405,1.71e+11,1,23927,75393924.08,1,0.04,0,0.04,0,0,0,0,0,0,0,0,0,0,0,0.41,0.32,0.23,0.96,0,0,0.04,0,0,0,0,0,0,0,0,0,1,0,0,0.033,7,13,"ORMC98-1244","13-Jul-00","","YES","P","F","Unstable Fining","00047CSR","00047CSR","R","Oregon Plan","S","S","00047CSR","13-Jul-00","1b","sandstone","E","ORMC98-1244","Cerine Creek at RM 0.4 (Mill, Siletz, Yaquina)","ODEQ","Oregon Plan","1b","Coastal Uplands","Coast Range","MWCF","North Coast","Coastal Coho","sandstone","E","OREGON/WASHINGTON COASTAL","NORTHERN OREGON COASTAL","SILETZ/YAQUINA","MIDDLE SILETZ RIVER","MILL CREEK","LINCOLN","9.00S 9.00W27","Mid-Coast","Siletz River","Independent","w","Marine WCF","Early"
"21",25317,2001,1,148.5,1.77,2.96,4.4,0.896584693,1.35667829,13.33333333,6.666666667,20,31.42857143,65.71428571,0,0,0,2.857142857,0,0.019465871,0.008910315,15.93872054,3.920538721,0,25317,1,-123.64658,45.1914,309.0672,2.9,3023,156,4,58.49608458,25317,37083,2001,-123.65,45.19,406,309.07,1004,1,2.9,1.7,0,3023,119,156,17.58,58.5,1710020302,1.71e+11,1,25317,43795315.3,0.99,0.08,0.01,0.09,0,0,0,0,0,0,0,0,0,0.01,0.01,0.07,0.74,0.1,0.91,0,0,0.08,0,0,0,0,0,0,0,0,0,0.0288,0,0.304245483,0.067,7,10,"ORNC98-0400","10-Jul-01","","YES","G","G","Stable OK Fines","01005CSR","01005CSR","R","Oregon Plan","S","S","01005CSR","10-Jul-01","1g","shale and mudstone","E","ORNC98-0400","Niagra Creek at RM 5 (Nestucca)","ODEQ","Oregon Plan","1g","Mid-Coastal Sedimentary","Coast Range","MWCF","North Coast","Coastal Coho","shale and mudstone","E","OREGON/WASHINGTON COASTAL","NORTHERN OREGON COASTAL","WILSON/TRASK/NESTUCCA","NESTUCCA RIVER","NESTUCCA RIVER/ NIAGARA CREEK","YAMHILL","4.00S 8.00W26","North Coast","Nestucca River","Independent","w","Marine WCF","Early"
"22",25318,2001,1,198,5.214285714,3.782352941,6.888888889,0.511648405,1.687092112,23.33333333,6.666666667,30,50,45.55555556,0,0,0,4.444444444,0.136363636,0.008624633,0,28.83131313,4.410606061,0,25318,1,-123.91853,45.33984,105.156,4.4,2311,154,4,65.66740089,25318,37075,2001,-123.92,45.34,223,105.16,325,1,4.4,2.1,0,2311,91,154,10.25,65.67,1710020309,1.71e+11,11,25318,23975317.07,1,0.01,0,0.01,0,0,0,0,0,0,0,0,0,0,0,0.32,0.45,0.22,0.99,0,0,0.01,0,0,0,0,0,0,0,0,0,0.446012339,0,0,0.0701,7,3,"ORNC98-0718","3-Jul-01","","YES_no RBS/pool","F","","Not Assessed","01007CSR","01007CSR","R","Oregon Plan","S","S","01007CSR","3-Jul-01","1b","siltstone","E","ORNC98-0718","Sand Creek (Sand Lake)","ODEQ","Oregon Plan","1b","Coastal Uplands","Coast Range","MWCF","North Coast","Coastal Coho","siltstone","E","OREGON/WASHINGTON COASTAL","NORTHERN OREGON COASTAL","WILSON/TRASK/NESTUCCA","SPRING CREEK/SAND LAKE/NESKOWIN FRONTAL","SAND CREEK","TILLAMOOK","3.00S10.00W 4","North Coast","Sand Creek","Dependent","w","Marine WCF","Early"
"23",17123,2001,1,198,4.105,5.71,7.57,2.37779762,1.348559827,3.80952381,2.857142857,6.666666667,16.19047619,82.85714286,17.14285714,0.952380952,0,0,0.045454546,0.013134649,0.008227586,12.22020202,7.698484849,7,17123,1,-123.62829,44.92954,560.2224,3,3937,120,7,77.78697288,17123,37084,1998,-123.63,44.93,672,560.22,1814,1,3,1.73,0,3937,155,120,23.67,77.79,1710020404,1.71e+11,1,17123,72367120.2,1,0,0,0,0,0,0,0,0,0,0,0,0,0,0,0.04,0.92,0.04,1,0,0,0,0,0,0,0,0,0,0,0,0,1,0,0,0.0666,7,12,"ORMC98-1172","12-Jul-01","","YES","G","G","Stable OK Fines","01020CSR","01020CSR","R","Oregon Plan","S","S","01020CSR","12-Jul-01","1d","mafic volcanic flow","R","ORMC98-1172","Boulder Creek at RM 4.69 (Siletz)","ODEQ","Oregon Plan","1d","Volcanics","Coast Range","MWCF","North Coast","Coastal Coho","mafic volcanic flow","R","OREGON/WASHINGTON COASTAL","NORTHERN OREGON COASTAL","SILETZ/YAQUINA","UPPER SILETZ RIVER","LOWER NORTH FORK OF SILETZ RIVER","POLK","7.00S 8.00W26","Mid-Coast","Siletz River","Independent","w","Marine WCF","Early"
"24",25295,2001,1,149,12.04,0.85,1.71,0.980958704,2.155507144,21.15384615,1.923076923,23.07692308,50,35.57692308,23.07692308,0.961538462,0,13.46153846,0.136363636,0.079783351,0.034275286,14.58657718,5.861073826,0,25295,1,-123.96356,44.9892,88.0872,4.2,2311,153,7,29.9549097,25295,37081,2001,-123.96,44.99,51,88.09,262,1,4.2,2.05,0,2311,91,153,9.39,29.95,1710020410,1.71e+11,1,25295,5475294.79,0.99,0.02,0.01,0.02,0,0,0,0,0,0,0,0,0,0.01,0.01,0.14,0.61,0.22,0.97,0,0,0.02,0,0,0,0,0,0,0,0,0,0,0.99252199,0,0.178957805,7,9,"ORMC98-1432","9-Jul-01","","YES","F","P","Unstable Fining","01021CSR","01021CSR","R","Oregon Plan","S","S","01021CSR","9-Jul-01","1b","mafic volcanic flow","R","ORMC98-1432","Trib to Rock Cr (Devils Lake)","ODEQ","Oregon Plan","1b","Coastal Uplands","Coast Range","MWCF","North Coast","Coastal Coho","mafic volcanic flow","R","OREGON/WASHINGTON COASTAL","NORTHERN OREGON COASTAL","SILETZ/YAQUINA","SALMON RIVER/SILETZ/YAQUINA BAY","DEVILS LAKE","LINCOLN","7.00S10.00W 6","Mid-Coast","Devils Lake","Dependent","w","Marine WCF","Early"
"25",25377,2001,1,149,6.12,1.45,3.02,0.401568395,1.804555361,25.2631579,3.157894737,28.42105263,61.05263158,25.2631579,3.157894737,4.210526316,0,9.473684211,0,0.029454642,0.006469176,33.52684564,16.55302013,0,25377,1,-123.61998,45.8592,182.2704,8.7,3175,146,4,67.7906094,25377,37074,2001,-123.62,45.86,60,182.27,587,1,8.7,2.95,0,3175,125,146,13.5,67.79,1710020203,1.71e+11,1,25377,6535376.75,1.01,0,0,0,0,0,0,0,0,0,0,0,0,0,0,0.2,0.48,0.32,1.01,0,0,0,0,0,0,0,0,0,0,0,0,1,0,0,0.0687,7,2,"WORP99-0661","2-Jul-01","","YES","G","F","Unstable Low Fines","01033WSE","01033WSE","R","EMAP Statewide","S","S","01033WSE","2-Jul-01","1f","shale and mudstone","E","WORP99-0661","McClure Creek 1 mi U/S from Humbug Cr (Nehalem)","ODEQ","EMAP Statewide","1f","Willapa Hills","Coast Range","MWCF","North Coast","Coastal Coho","shale and mudstone","E","OREGON/WASHINGTON COASTAL","NORTHERN OREGON COASTAL","NEHALEM","LOWER NEHALEM RIVER","HUMBUG CREEK","CLATSOP","4.00N 8.00W 1","North Coast","Nehalem River","Independent","w","Marine WCF","Early"
"26",26818,2002,1,316.8,0.6,8.43,10.55454546,-0.085351308,1.408470745,16.19047619,40,56.19047619,70.47619048,17.14285714,3.80952381,0,0,12.38095238,0,0.01999835,0.014341085,28.90532955,22.70454546,0,26818,1,-123.63257,44.82279,339.5472,0.6,2972,151,2,24.31800808,26818,37431,2002,-123.63,44.82,1642,339.55,1119,1,0.6,0.77,0,2972,117,151,18.43,24.32,1710020404,1.71e+11,1,26818,176816811.2,0.93,0.04,0.07,0.1,0,0,0,0,0,0,0,0,0,0.07,0.07,0.05,0.76,0.08,0.9,0,0,0.04,0,0,0,0,0,0,0,0,0,0.411264966,0,0.221363311,0.0706,6,24,"ORMC98-1133","24-Jun-02","","YES","P","F","","02001CSR","02001CSR","R","Oregon Plan","S","S","02001CSR","24-Jun-02","1g","alluvium","E","ORMC98-1133","Siletz River South Fork","ODEQ","Oregon Plan","1g","Mid-Coastal Sedimentary","Coast Range","MWCF","North Coast","Coastal Coho","alluvium","E","OREGON/WASHINGTON COASTAL","NORTHERN OREGON COASTAL","SILETZ/YAQUINA","UPPER SILETZ RIVER","SOUTH FORK OF SILETZ RIVER","POLK","9.00S 8.00W 2","Mid-Coast","Siletz River","Independent","w","Marine WCF","Early"
"27",25107.475,2002,1,225.914871794872,3.81571245420513,7.147982926325,8.96,1.015445328,1.519409565,16,0,16,32,68,4,0,0,0,0,0,0,0,0,3.437200956925,26946,1,-123.6502,45.2009,281.6352,2.4,3175,154,4,61.86728326,26946,37434,2002,-123.65,45.2,664,281.64,912,1,2.4,1.55,0,3175,125,154,16.78,61.87,1710020302,1.71e+11,11,26946,71526943.23,0.99,0.11,0.01,0.12,0,0,0,0,0,0,0,0,0,0.01,0.01,0.07,0.73,0.08,0.88,0,0,0.11,0,0,0,0,0,0,0,0,0,0.302408493,0,0.286035613,0.0715,6,27,"WORP99-0813","27-Jun-02","","YES","","","","02003EMAP","02003EMAP","R","EMAP Statewide","S","S","02003EMAP","27-Jun-02","1g","shale and mudstone","E","WORP99-0813","Niagara Cr","ODEQ","EMAP Statewide","1g","Mid-Coastal Sedimentary","Coast Range","MWCF","North Coast","Coastal Coho","shale and mudstone","E","OREGON/WASHINGTON COASTAL","NORTHERN OREGON COASTAL","WILSON/TRASK/NESTUCCA","NESTUCCA RIVER","NESTUCCA RIVER/ NIAGARA CREEK","YAMHILL","4.00S 8.00W27","North Coast","Nestucca River","Independent","w","Marine WCF","Early"
"28",26819,2002,1,435.6,0.3,11.34,14.63636364,1.373957948,2.376087338,26.66666667,0.952380952,27.61904762,34.28571429,61.90476191,32.38095238,0,0,3.80952381,0,0.001269528,0.000392277,1.899908173,0.574150597,0,26819,1,-123.82143,44.28299,83.5152,0.3,2057,175,4,23.35906022,26819,37438,2002,-123.82,44.28,6062,83.52,223,1,0.3,0.55,0,2057,81,175,9.14,23.36,1710020502,1.71e+11,11,26819,652586793.7,1,0.01,0,0.01,0,0,0,0,0,0,0,0,0,0,0,0.11,0.7,0.18,0.99,0,0,0.01,0,0,0,0,0,0,0,0,0,0.125733875,0.638540471,0.235956024,0.064,7,1,"ORMC98-1665","1-Jul-02","","YES","G","G","","02005CSR","02005CSR","R","Oregon Plan","S","S","02005CSR","1-Jul-02","1g","sandstone","E","ORMC98-1665","Five R (Lobster Cr)","ODEQ","Oregon Plan","1g","Mid-Coastal Sedimentary","Coast Range","MWCF","North Coast","Coastal Coho","sandstone","E","OREGON/WASHINGTON COASTAL","NORTHERN OREGON COASTAL","ALSEA","FIVE RIVERS/LOBSTER CREEK","MIDDLE FIVE RIVERS","LINCOLN","15.00S 9.00W 7","Mid-Coast","Alsea River","Independent","w","Marine WCF","Early"
"29",26822,2002,1,831.6,0.5,19.53,25.78181818,0.90703464,2.288355241,31.42857143,1.904761905,33.33333333,37.14285714,60,19.04761905,0,0,1.904761905,0.045454546,0.0092219,0.006353404,29.16835017,20.8042328,0,26822,1,-123.80465,44.09709,68.2752,0.5,2108,173,4,54.18729441,26822,37440,2002,-123.8,44.1,11744,68.28,230,1,0.5,0.71,0,2108,83,173,8.26,54.19,1710020606,1.71e+11,11,26822,1264226773,1,0.01,0,0.01,0,0,0,0,0,0,0,0,0,0,0,0.1,0.7,0.18,0.99,0,0,0.01,0,0,0,0,0,0,0,0,0,0,0.855749622,0.144498787,0.054,7,3,"ORMC98-1893","3-Jul-02","","YES","F","G","","02006CSR","02006CSR","R","Oregon Plan","S","S","02006CSR","3-Jul-02","1g","sandstone","E","ORMC98-1893","Indian Cr","ODEQ","Oregon Plan","1g","Mid-Coastal Sedimentary","Coast Range","MWCF","North Coast","Coastal Coho","sandstone","E","OREGON/WASHINGTON COASTAL","NORTHERN OREGON COASTAL","SIUSLAW","INDIAN CREEK/LAKE CREEK","LOWER INDIAN CREEK","LANE","17.00S 9.00W17","Mid-Coast","Siuslaw River","Independent","w","Marine WCF","Early"
"30",29941,2003,1,0,0.3,15.37272727,20.51818182,0.825330011,1.633599827,16.34615385,12.5,28.84615385,39.42307692,59.61538462,6.730769231,0,0,0.961538462,0,0,0,0,0,0,29941,1,-123.24466,45.87881,201.168,0.3,1346,151,4,36.02167288,29941,37795,2003,-123.24,45.88,14418,201.17,653,1,0.3,0.55,0,1346,53,151,14.18,36.02,1710020201,1.71e+11,1,29941,1551869881,0.94,0.01,0.06,0.06,0,0,0,0,0,0,0,0,0,0.05,0.05,0.08,0.74,0.12,0.94,0,0,0,0.01,0,0,0,0,0.01,0,0,0,0.813552403,0.0544,0,0.0608,6,23,"ORNC98-2657","23-Jun-03","","PARTIAL","G","","","03002CSR","03002CSR","R","Oregon Plan","S","S","03002CSR","23-Jun-03","1f","shale and mudstone","E","ORNC98-2657","Rock Creek (Upper Nehalem basin)","ODEQ","Oregon Plan","1f","Willapa Hills","Coast Range","MWCF","North Coast","Coastal Coho","shale and mudstone","E","OREGON/WASHINGTON COASTAL","NORTHERN OREGON COASTAL","NEHALEM","UPPER NEHALEM RIVER","LOWER ROCK CREEK","COLUMBIA","5.00N 5.00W36","North Coast","Nehalem River","Independent","w","Marine WCF","Early"
"31",29907,2003,1,0,4.7,1.836363636,2.854545455,0.625440957,1.62403435,19.04761905,8.571428571,27.61904762,44.76190476,45.71428571,0.952380952,2.857142857,0,6.666666667,0,0,0,0,0,0,29907,1,-123.80057,44.61839,118.2624,4.7,2057,160,4,77.57005776,29907,37796,2003,-123.8,44.62,272,118.26,367,1,4.7,2.17,0,2057,81,160,10.87,77.57,1710020402,1.71e+11,1,29907,29319905.86,0.97,0.09,0.03,0.12,0,0,0,0,0,0,0,0,0,0.03,0.03,0.24,0.45,0.19,0.88,0,0,0.09,0,0,0,0,0,0,0,0,0,0,0.997973961,0.00239,0.0751,6,24,"ORMC98-2534","24-Jun-03","","PARTIAL","G","","","03005CSR","03005CSR","R","Oregon Plan","S","S","03005CSR","24-Jun-03","1g","sandstone","E","ORMC98-2534","Bear Cr (Big Elk Creek)","ODEQ","Oregon Plan","1g","Mid-Coastal Sedimentary","Coast Range","MWCF","North Coast","Coastal Coho","sandstone","E","OREGON/WASHINGTON COASTAL","NORTHERN OREGON COASTAL","SILETZ/YAQUINA","BIG ELK CREEK","LOWER BIG ELK CREEK","LINCOLN","11.00S 9.00W17","Mid-Coast","Yaquina River","Independent","w","Marine WCF","Early"
"32",29933,2003,1,0,4.6,5.872727273,7.945454546,0.986182407,1.360017644,11.42857143,7.619047619,19.04761905,33.33333333,61.90476191,0,0,0,4.761904762,0,0,0,0,0,0,29933,1,-123.55596,45.84488,127.4064,4.6,3175,143,4,163.8034727,29933,37796,2003,-123.56,45.84,1268,127.41,407,1,4.6,2.14,0,3175,125,143,11.29,163.8,1710020203,1.71e+11,1,29933,136489927.7,0.98,0,0.01,0.02,0,0,0,0,0,0,0,0,0,0.01,0.01,0.24,0.62,0.12,0.98,0,0,0,0,0,0,0,0,0,0,0,0,0.917998379,0.0818,0,0.0321,6,24,"ORNC98-1145","24-Jun-03","","PARTIAL","G","","","03007CSR","03007CSR","R","Oregon Plan","S","S","03007CSR","24-Jun-03","1f","sandstone","E","ORNC98-1145","Quartz Creek (Nehalem)","ODEQ","Oregon Plan","1f","Willapa Hills","Coast Range","MWCF","North Coast","Coastal Coho","sandstone","E","OREGON/WASHINGTON COASTAL","NORTHERN OREGON COASTAL","NEHALEM","LOWER NEHALEM RIVER","COW CREEK","CLATSOP","4.00N 7.00W 9","North Coast","Nehalem River","Independent","w","Marine WCF","Early"
"33",29937,2003,1,0,7,3.409090909,4.863636364,1.041993294,1.78441095,13.33333333,12.38095238,25.71428571,30.47619048,52.38095238,6.666666667,0.952380952,0,16.19047619,0,0,0,0,0,0,29937,1,-123.53285,45.96014,232.5624,7,2819,145,4,62.24094461,29937,37797,2003,-123.53,45.96,79,232.56,758,1,7,2.65,0,2819,111,145,15.25,62.24,1710020203,1.71e+11,80,29937,8509936.67,1,0,0,0,0,0,0,0,0,0,0,0,0,0,0,0.14,0.7,0.16,1,0,0,0,0,0,0,0,0,0,0,0,0,1,0,0,0.00284,6,25,"ORNC98-2154","25-Jun-03","","PARTIAL","G","","","03010CSR","03010CSR","R","Oregon Plan","S","S","03010CSR","25-Jun-03","1f","shale and mudstone","E","ORNC98-2154","Trib to Gilmore Cr (Nehalem)","ODEQ","Oregon Plan","1f","Willapa Hills","Coast Range","MWCF","North Coast","Coastal Coho","shale and mudstone","E","OREGON/WASHINGTON COASTAL","NORTHERN OREGON COASTAL","NEHALEM","LOWER NEHALEM RIVER","BENEKE CREEK","CLATSOP","6.00N 7.00W34","North Coast","Nehalem River","Independent","w","Marine WCF","Early"
"34",30328,2003,1,149,9.1,1.194736842,3.990909091,-0.940977679,1.569261363,55.45454546,8.181818182,63.63636364,74.54545455,16.36363636,0,0,0,9.090909091,0.166666667,0.013165828,0,8.338926175,0,20.66666667,30328,1,-122.88554,45.69501,185.6232,9.1,1245,165,7,72.48983892,30328,37802,2003,-122.89,45.7,63,185.62,564,1,9.1,3.02,0,1245,49,165,13.62,72.49,1709001202,1.71e+11,1,30328,6830327.74,1,0,0,0,0,0,0,0,0,0,0,0,0,0,0,0.57,0.24,0.18,0.99,0,0,0,0,0,0,0,0,0,0,0,0,0.237071386,0.758043073,0,0.07622641,6,30,"ORLC03-3614","30-Jun-03","","YES","P","P","","03011CSR","03011CSR","R","OP Lower Columbia","S","S","03011CSR","30-Jun-03","1f","mafic volcanic flow","R","ORLC03-3614","Multnomah Channel tributary","ODEQ","OP Lower Columbia","1f","Willapa Hills","Coast Range","MWCF","Willamette","LwrCol","mafic volcanic flow","R","WILLAMETTE","WILLAMETTE","LOWER WILLAMETTE","SCAPPOOSE CREEK","GILBERT RIVER","MULTNOMAH","3.00N 2.00W36","","","","w","Marine WCF","Early"
"35",30349,2003,1,178.2,0.6,4.42,5.181818182,1.38596325,2.196879095,23.80952381,0,23.80952381,28.57142857,70.47619048,30.47619048,0,0,0.952380952,0,0.007452892,0.00630496,4.511784512,3.2671156,0,30349,1,-123.00661,45.90166,288.9504,0.6,1600,151,4,24.80437711,30349,37804,2003,-123.01,45.9,1709,288.95,948,1,0.6,0.77,0,1600,63,151,17,24.8,1708000301,1.71e+11,1,30349,183960341.9,0.94,0,0.06,0.06,0,0,0,0,0,0,0,0,0,0.06,0.06,0.06,0.77,0.11,0.94,0,0,0,0,0,0,0,0,0,0,0,0,0,0.768845319,0,0.0496,7,2,"ORLC03-3654","2-Jul-03","","YES","G","G","","03014CSR","03014CSR","R","OP Lower Columbia","S","S","03014CSR","2-Jul-03","1d","sandstone","E","ORLC03-3654","Clatskanie River","ODEQ","OP Lower Columbia","1d","Volcanics","Coast Range","MWCF","Lower Columbia","LwrCol","sandstone","E","LOWER COLUMBIA","LOWER COLUMBIA","LOWER COLUMBIA/CLATSKANIE","CLATSKANIE RIVER","HEADWATERS CLATSKANIE RIVER","COLUMBIA","5.00N 3.00W24","","","","w","Marine WCF","Early"
"36",30627,2003,1,148.5,11.7,1.875,3.8,1.740302403,1.134220259,4.761904762,0,4.761904762,15.23809524,83.80952381,3.80952381,0,0,0.952380952,0,0.003898636,0,2.814141414,0,0,30627,1,-122.75726,45.56026,157.2768,11.7,1194,167,7,66.66428093725,30627,37811,2003,-122.76,45.56,82,157.28,427,1,11.7,3.42,0,1194,47,167,12.54,66.66425,1709001202,1.71e+11,1,30627,80675505.45,0.98225,0.0185,0.01525,0.0335,0,0,0,0,0,0,0,0.00025,0,0.015,0.015,0.15925,0.65125,0.1545,0.966,0.00025,0,0.01575,0.0025,0,0,0,0,0.00275,0,0,0,0.49996515245,0.276398125425,0.115381298675,0.06493837055,7,9,"ORLC03-R007","9-Jul-03","","YES","G","F","","03021CSR","03021CSR","R","OP Lower Columbia Reference","S","S","03021CSR","9-Jul-03","1d","mafic volcanic flow","R","ORLC03-R007","Willamette tributary near Willbridge eastern tributary","ODEQ","OP Lower Columbia Reference","1d","Volcanics","Coast Range","MWCF","Willamette","LwrCol","mafic volcanic flow","R","WILLAMETTE","WILLAMETTE","LOWER WILLAMETTE","COLUMBIA SLOUGH/WILLAMETTE RIVER","COLUMBIA SLOUGH","MULTNOMAH","1.00N 1.00W24","","","","w","Marine WCF","Early"
"37",29869,2003,1,0,3.81571245420513,7.972727273,9.709090909,-0.346601392,2.243267137,44.76190476,3.80952381,48.57142857,49.52380952,27.61904762,6.666666667,0,0,22.85714286,0,0,0,0,0,0,29869,1,-123.53753,44.61047,185.3184,0.3,1803,162,4,23.81621231,29869,37795,2003,-123.54,44.61,6303,185.32,620,1,0.3,0.55,0,1803,71,162,13.61,23.82,1709000305,1.71e+11,80,29869,678379842.7,0.92,0.07,0.01,0.08,0,0,0,0,0,0,0,0,0,0.01,0.01,0.18,0.61,0.13,0.92,0,0,0.01,0.06,0,0,0,0,0.06,0,0,0,0.0277,0.484133977,0.356904883,0.0262,6,23,"ODQW99-0032","23-Jun-03","","PARTIAL","F","","","03022CSR","03022CSR","R","Oregon Plan","S","S","03022CSR","23-Jun-03","1g","sandstone","E","ODQW99-0032","Marys River","ODEQ","Oregon Plan","1g","Mid-Coastal Sedimentary","Coast Range","MWCF","Willamette","Willamette","sandstone","E","WILLAMETTE","WILLAMETTE","UPPER WILLAMETTE","MARYS RIVER","UPPER MARYS RIVER / HORTON CREEK","BENTON","11.00S 7.00W16","","","","w","Marine WCF","Early"
"38",21811,1999,1,0,2.885,5.036363636,8.990909091,1.403605231,1.16278884,5.454545455,3.636363636,9.090909091,27.27272727,67.27272727,0,0,0,5.454545455,0.045454546,0,0,0,0,0,21811,1,-123.51698,45.58563,208.4832,2.9,2921,142,4,83.65629724,21811,36342,1999,-123.52,45.59,831,208.48,656,1,2.9,1.7,0,2921,115,142,14.44,83.66,1710020305,1.71e+11,80,21811,89571807.53,1,0,0,0,0,0,0,0,0,0,0,0,0,0,0,0.14,0.61,0.25,1,0,0,0,0,0,0,0,0,0,0,0,0,0.655431009,0,0,0.0719,7,1,"ORNC98-2939","1-Jul-99","","YES_no RBS/pool/fast","G","","Not Assessed","99001CSR","99001CSR","R","Oregon Plan","S","S","99001CSR","1-Jul-99","1d","siltstone","E","ORNC98-2939","Ben Smith Cr (Wilson)","ODEQ","Oregon Plan","1d","Volcanics","Coast Range","MWCF","North Coast","Coastal Coho","siltstone","E","OREGON/WASHINGTON COASTAL","NORTHERN OREGON COASTAL","WILSON/TRASK/NESTUCCA","WILSON RIVER","UPPER WILSON RIVER / CEDAR CREEK","TILLAMOOK","1.00N 7.00W11","North Coast","Tillamook Bay","Independent","w","Marine WCF","Early"
"39",21812,1999,1,0,2.495,8.136363636,13.69090909,2.292297201,1.063475511,0,5.454545455,5.454545455,10.90909091,89.09090909,14.54545455,0,0,0,0,0,0,0,0,0,21812,1,-123.49047,45.55321,320.9544,3,2819,128,7,126.7299721,21812,36347,1999,-123.49,45.55,1785,320.95,1017,1,3,1.73,0,2819,111,128,17.92,126.73,1710020305,1.71e+11,80,21812,192081804.6,0.96,0,0.04,0.04,0,0,0,0,0,0,0,0,0,0.04,0.04,0.12,0.65,0.19,0.96,0,0,0,0,0,0,0,0,0,0,0,0,0.999728158,0,0,0.0838,7,6,"ORNC98-3076","6-Jul-99","","YES_no RBS/pool/fast","G","","Not Assessed","99002CSR","99002CSR","R","Oregon Plan","FP","S","99002CSR","6-Jul-99","1d","mafic volcanic flow","R","ORNC98-3076","Jordan Crek at RM 7.52","ODEQ","Oregon Plan","1d","Volcanics","Coast Range","MWCF","North Coast","Coastal Coho","mafic volcanic flow","R","OREGON/WASHINGTON COASTAL","NORTHERN OREGON COASTAL","WILSON/TRASK/NESTUCCA","WILSON RIVER","JORDAN CREEK","TILLAMOOK","1.00N 7.00W24","North Coast","Tillamook Bay","Independent","w","Marine WCF","Early"
"40",21803,1999,1,0,3.3,9.245454546,13.4,2.290768163,1.509790793,0,16.36363636,16.36363636,23.63636364,76.36363636,30.90909091,0,0,0,0.045454546,0,0,0,0,0,21803,1,-123.75579,45.17801,217.0176,4.3,3429,154,4,186.9543329,21803,36348,1999,-123.76,45.18,1890,217.02,696,1,4.3,2.07,0,3429,135,154,14.73,186.95,1710020302,1.71e+11,1,21803,203471795.1,1,0.06,0,0.06,0,0,0,0,0,0,0,0,0,0,0,0.13,0.67,0.14,0.94,0,0,0.06,0,0,0,0,0,0,0,0,0,0,0.344855751,0.22615184,0.0531,7,7,"ORNC98-0333","7-Jul-99","","YES_no RBS/pool/fast","G","","Not Assessed","99004CSR","99004CSR","R","Oregon Plan","FP","S","99004CSR","7-Jul-99","1g","sandstone","E","ORNC98-0333","Three Rivers at RM 10.10 (Nestucca)","ODEQ","Oregon Plan","1g","Mid-Coastal Sedimentary","Coast Range","MWCF","North Coast","Coastal Coho","sandstone","E","OREGON/WASHINGTON COASTAL","NORTHERN OREGON COASTAL","WILSON/TRASK/NESTUCCA","NESTUCCA RIVER","THREE RIVERS","YAMHILL","4.00S 9.00W35","North Coast","Nestucca River","Independent","w","Marine WCF","Early"
"41",21845,1999,1,0,3.486,7.590909091,9.963636364,1.865660451,1.204795275,0,12.72727273,12.72727273,21.81818182,74.54545455,9.090909091,0,0,3.636363636,0.090909091,0,0,0,0,0,21845,1,-123.90835,44.91002,125.8824,2.2,2819,159,7,71.59679529,21845,36349,1999,-123.91,44.91,1059,125.88,371,1,2.2,1.48,0,2819,111,159,11.22,71.6,1710020408,1.71e+11,11,21845,114001840.6,0.99,0.04,0.01,0.05,0,0,0,0,0,0,0,0,0,0.01,0.01,0.04,0.58,0.33,0.95,0,0,0.04,0,0,0,0,0,0,0,0,0,0.711345761,0.289137825,0,0.0872,7,8,"ORMC99-R024","8-Jul-99","","YES_no RBS/pool/fast","G","","Not Assessed","99006CSR","99006CSR","R","Oregon Plan","FP","S","99006CSR","8-Jul-99","1d","mafic volcanic flow","R","ORMC99-R024","North Creek at RM 0.54 (Siletz)","ODEQ","Oregon Plan","1d","Volcanics","Coast Range","MWCF","North Coast","Coastal Coho","mafic volcanic flow","R","OREGON/WASHINGTON COASTAL","NORTHERN OREGON COASTAL","SILETZ/YAQUINA","LOWER SILETZ RIVER/DRIFT CREEK","LOWER DRIFT CREEK/SILETZ RIVER","LINCOLN","8.00S10.00W 4","Mid-Coast","Siletz River","Independent","w","Marine WCF","Early"
